time,accident num,accident type,holiday,percipitation,visibility,wind,wind direction,fog,rain,sun rise,sun set,weekend,workday,t0,t1,t2,t3
1,1,1,0,10,16.11,130,0,0,0,0,1,0,1,0,0,0
0,0,1,0,10,16.11,130,0,0,1,0,1,0,1,0,0,0
1,1,1,0,10,18.41,140,0,0,0,0,1,0,0,1,0,0
0,0,1,0,10,16.11,150,0,0,0,0,1,0,0,0,1,0
0,0,1,0,10,11.5,140,0,0,0,1,1,0,0,0,1,0
0,0,1,0,10,12.66,130,0,0,0,0,1,0,0,0,0,1
0,0,0,0,10,10.36,140,0,0,0,0,1,0,1,0,0,0
0,0,0,0,10,6.91,150,0,0,1,0,1,0,1,0,0,0
0,0,0,0,10,13.8,130,0,0,0,0,1,0,0,1,0,0
0,0,0,0,10,13.8,150,0,0,0,0,1,0,0,0,1,0
0,0,0,0,10,10.36,160,0,0,0,1,1,0,0,0,1,0
0,0,0,0,10,3.44,230,0,0,0,0,1,0,0,0,0,1
0,0,0,0,10,0,0,0,0,0,0,0,1,1,0,0,0
0,0,0,0,10,9.22,350,0,0,1,0,0,1,1,0,0,0
0,0,0,0,10,10.36,320,0,0,0,0,0,1,0,1,0,0
0,0,0,0.001,9,10.36,50,0,0,0,0,0,1,0,0,1,0
0,0,0,0,10,11.5,40,0,0,0,1,0,1,0,0,1,0
1,1,0,0,8,8.05,10,0,1,0,0,0,1,0,0,0,1
0,0,0,0.001,10,8.05,100,0,0,0,0,0,1,1,0,0,0
0,0,0,0,10,4.61,60,0,0,1,0,0,1,1,0,0,0
0,0,0,0,10,8.05,120,0,0,0,0,0,1,0,1,0,0
1,1,0,0,10,10.36,120,0,0,0,0,0,1,0,0,1,0
0,0,0,0,10,6.91,160,0,0,0,1,0,1,0,0,1,0
0,0,0,0,10,3.44,190,0,0,0,0,0,1,0,0,0,1
0,0,0,0,9,4.61,270,0,1,0,0,0,1,1,0,0,0
0,0,0,0,7,3.44,300,0,0,1,0,0,1,1,0,0,0
0,0,0,0.001,10,12.66,170,0,0,0,0,0,1,0,1,0,0
0,0,0,0,10,12.66,210,0,0,0,0,0,1,0,0,1,0
0,0,0,0,10,9.22,190,0,0,0,1,0,1,0,0,1,0
0,0,0,0,10,5.75,210,0,0,0,0,0,1,0,0,0,1
0,0,0,0,10,6.91,240,0,0,0,0,0,1,1,0,0,0
0,0,0,0,10,9.22,230,0,0,1,0,0,1,1,0,0,0
0,0,0,0,10,11.5,240,0,0,0,0,0,1,0,1,0,0
0,0,0,0,10,16.11,250,0,0,0,0,0,1,0,0,1,0
0,0,0,0,6,19.57,300,0,1,0,1,0,1,0,0,1,0
0,0,0,0.001,10,17.27,300,0,0,0,0,0,1,0,0,0,1
0,0,0,0,10,14.97,290,0,0,0,0,0,1,1,0,0,0
0,0,0,0,10,8.05,310,0,0,1,0,0,1,1,0,0,0
1,1,0,0,10,12.66,350,0,0,0,0,0,1,0,1,0,0
0,0,0,0,10,13.8,270,0,0,0,0,0,1,0,0,1,0
0,0,0,0,10,11.5,260,0,0,0,1,0,1,0,0,1,0
0,0,0,0,10,8.05,230,0,0,0,0,0,1,0,0,0,1
0,0,0,0,10,6.91,210,0,0,0,0,1,0,1,0,0,0
1,1,0,0,9,6.91,210,0,0,1,0,1,0,1,0,0,0
0,0,0,0,10,13.8,300,0,0,0,0,1,0,0,1,0,0
0,0,0,0,10,16.11,270,0,0,0,0,1,0,0,0,1,0
0,0,0,0,10,10.36,290,0,0,0,1,1,0,0,0,1,0
0,0,0,0,10,5.75,260,0,0,0,0,1,0,0,0,0,1
0,0,0,0,10,4.61,300,0,0,0,0,1,0,1,0,0,0
0,0,0,0,7,8.05,340,0,0,1,0,1,0,1,0,0,0
0,0,0,0,10,5.75,90,0,1,0,0,1,0,0,1,0,0
0,0,0,0,10,9.22,60,0,0,0,0,1,0,0,0,1,0
0,0,0,0,10,8.05,80,0,0,0,1,1,0,0,0,1,0
0,0,0,0.001,10,9.22,90,0,0,0,0,1,0,0,0,0,1
0,0,0,0,10,12.66,130,0,0,0,0,0,1,1,0,0,0
0,0,0,0,10,12.66,150,0,0,1,0,0,1,1,0,0,0
0,0,0,0,10,19.57,140,0,0,0,0,0,1,0,1,0,0
1,1,0,0,10,16.11,160,0,0,0,0,0,1,0,0,1,0
0,0,0,0,10,12.66,160,0,1,0,1,0,1,0,0,1,0
0,0,0,0.001,7,4.61,180,0,0,0,0,0,1,0,0,0,1
0,0,0,0.001,0.75,3.44,220,1,1,0,0,0,1,1,0,0,0
1,1,0,0,0,0,0,1,0,1,0,0,1,1,0,0,0
0,0,0,0.001,0.125,6.91,280,1,1,0,0,0,1,0,1,0,0
0,0,0,0,10,6.91,290,0,0,0,0,0,1,0,0,1,0
1,1,0,0,10,6.91,110,0,0,0,1,0,1,0,0,1,0
0,0,0,0,8,3.44,300,0,0,0,0,0,1,0,0,0,1
0,0,0,0,1,12.66,340,1,0,0,0,0,1,1,0,0,0
0,0,0,0,10,18.41,340,0,0,1,0,0,1,1,0,0,0
0,0,0,0,10,16.11,340,0,0,0,0,0,1,0,1,0,0
0,0,0,0,10,14.97,340,0,0,0,0,0,1,0,0,1,0
0,0,0,0,10,12.66,340,0,0,0,1,0,1,0,0,1,0
0,0,0,0,10,13.8,350,0,0,0,0,0,1,0,0,0,1
0,0,0,0,10,18.41,340,0,0,0,0,0,1,1,0,0,0
0,0,0,0,10,14.97,340,0,0,1,0,0,1,1,0,0,0
0,0,0,0,10,16.11,330,0,0,0,0,0,1,0,1,0,0
0,0,0,0,10,14.97,30,0,0,0,0,0,1,0,0,1,0
0,0,0,0,10,14.97,20,0,0,0,1,0,1,0,0,1,0
0,0,0,0,10,12.66,350,0,0,0,0,0,1,0,0,0,1
0,0,0,0,10,10.36,330,0,0,0,0,0,1,1,0,0,0
0,0,0,0,10,9.22,320,0,0,1,0,0,1,1,0,0,0
1,1,0,0,10,5.75,340,0,0,0,0,0,1,0,1,0,0
0,0,0,0,10,14.97,80,0,0,0,0,0,1,0,0,1,0
0,0,0,0,10,13.8,70,0,0,0,1,0,1,0,0,1,0
0,0,0,0,10,12.66,70,0,0,0,0,0,1,0,0,0,1
0,0,0,0,10,12.66,70,0,0,0,0,1,0,1,0,0,0
0,0,0,0,10,9.22,70,0,0,1,0,1,0,1,0,0,0
0,0,0,0,10,12.66,70,0,0,0,0,1,0,0,1,0,0
0,0,0,0,10,11.5,80,0,0,0,0,1,0,0,0,1,0
0,0,0,0,10,10.36,60,0,0,0,1,1,0,0,0,1,0
0,0,0,0,10,10.36,80,0,0,0,0,1,0,0,0,0,1
0,0,0,0,10,6.91,110,0,0,0,0,1,0,1,0,0,0
0,0,0,0,10,0,0,0,0,1,0,1,0,1,0,0,0
0,0,0,0,10,11.5,80,0,0,0,0,1,0,0,1,0,0
0,0,0,0,10,11.5,120,0,0,0,0,1,0,0,0,1,0
0,0,0,0,10,11.5,100,0,0,0,1,1,0,0,0,1,0
0,0,0,0,10,10.36,120,0,0,0,0,1,0,0,0,0,1
0,0,1,0,10,11.5,130,0,0,0,0,0,1,1,0,0,0
0,0,1,0,10,14.97,140,0,0,1,0,0,1,1,0,0,0
0,0,1,0.001,10,17.27,160,0,1,0,0,0,1,0,1,0,0
0,0,1,0,2,17.27,160,1,1,0,0,0,1,0,0,1,0
0,0,1,0,5,4.61,230,1,2,0,1,0,1,0,0,1,0
0,0,1,0,10,9.22,150,0,1,0,0,0,1,0,0,0,1
0,0,0,0,10,4.61,200,0,0,0,0,0,1,1,0,0,0
1,1,0,0,9,5.75,220,0,0,1,0,0,1,1,0,0,0
0,0,0,0,1,9.22,230,1,0,0,0,0,1,0,1,0,0
0,0,0,0.001,10,12.66,250,0,1,0,0,0,1,0,0,1,0
0,0,0,0,10,10.36,260,0,0,0,1,0,1,0,0,1,0
0,0,0,0,9,5.75,200,0,0,0,0,0,1,0,0,0,1
0,0,0,0,0.5,5.75,230,1,0,0,0,0,1,1,0,0,0
0,0,0,0,1.25,11.5,220,1,1,1,0,0,1,1,0,0,0
0,0,0,0,2.5,12.66,250,1,0,0,0,0,1,0,1,0,0
0,0,0,0,10,17.27,250,0,0,0,0,0,1,0,0,1,0
0,0,0,0,10,13.8,260,0,0,0,1,0,1,0,0,1,0
0,0,0,0,10,5.75,260,0,0,0,0,0,1,0,0,0,1
0,0,0,0,8,3.44,250,0,0,0,0,0,1,1,0,0,0
0,0,0,0,5,0,0,1,0,1,0,0,1,1,0,0,0
1,1,0,0.001,8,8.05,120,0,0,0,0,0,1,0,1,0,0
0,0,0,0,10,11.5,140,0,0,0,0,0,1,0,0,1,0
1,1,0,0,10,10.36,170,0,1,0,1,0,1,0,0,1,0
0,0,0,0.001,6,6.91,190,1,0,0,0,0,1,0,0,0,1
1,1,0,0,8,5.75,190,0,0,0,0,0,1,1,0,0,0
0,0,0,0,8,5.75,210,0,0,1,0,0,1,1,0,0,0
0,0,0,0,0.5,14.97,210,1,1,0,0,0,1,0,1,0,0
1,1,0,0.08,1.75,25.32,230,0,1,0,0,0,1,0,0,1,0
0,0,0,0,10,16.11,260,0,1,0,1,0,1,0,0,1,0
0,0,0,0,10,8.05,270,0,0,0,0,0,1,0,0,0,1
0,0,0,0,7,6.91,260,0,0,0,0,1,0,1,0,0,0
0,0,0,0,1.5,10.36,260,1,0,1,0,1,0,1,0,0,0
0,0,0,0,1.5,12.66,290,1,1,0,0,1,0,0,1,0,0
0,0,0,0,10,17.27,320,0,0,0,0,1,0,0,0,1,0
0,0,0,0,10,17.27,320,0,0,0,1,1,0,0,0,1,0
0,0,0,0,10,10.36,320,0,0,0,0,1,0,0,0,0,1
0,0,0,0,10,9.22,320,0,0,0,0,1,0,1,0,0,0
1,1,0,0,10,9.22,330,0,0,1,0,1,0,1,0,0,0
0,0,0,0,10,13.8,340,0,0,0,0,1,0,0,1,0,0
0,0,0,0,10,12.66,40,0,0,0,0,1,0,0,0,1,0
0,0,0,0,10,10.36,80,0,0,0,1,1,0,0,0,1,0
0,0,0,0,10,8.05,90,0,0,0,0,1,0,0,0,0,1
0,0,0,0,10,13.8,90,0,0,0,0,0,1,1,0,0,0
0,0,0,0,10,8.05,150,0,0,1,0,0,1,1,0,0,0
0,0,0,0,10,13.8,130,0,0,0,0,0,1,0,1,0,0
0,0,0,0,10,17.27,130,0,0,0,0,0,1,0,0,1,0
1,1,0,0,10,17.27,110,0,0,0,1,0,1,0,0,1,0
0,0,0,0,10,19.57,120,0,0,0,0,0,1,0,0,0,1
0,0,0,0,10,19.57,120,0,0,0,0,0,1,1,0,0,0
0,0,0,0,10,18.41,130,0,0,1,0,0,1,1,0,0,0
0,0,0,0,10,21.85,140,0,0,0,0,0,1,0,1,0,0
0,0,0,0,10,17.27,150,0,0,0,0,0,1,0,0,1,0
0,0,0,0,10,17.27,170,0,0,0,1,0,1,0,0,1,0
0,0,0,0.001,1.25,19.57,330,1,3,0,0,0,1,0,0,0,1
0,0,0,0,10,8.05,30,0,0,0,0,0,1,1,0,0,0
0,0,0,0,10,8.05,200,0,0,1,0,0,1,1,0,0,0
0,0,0,0,10,14.97,260,0,0,0,0,0,1,0,1,0,0
0,0,0,0,10,17.27,270,0,0,0,0,0,1,0,0,1,0
0,0,0,0,10,11.5,330,0,0,0,1,0,1,0,0,1,0
0,0,0,0,10,9.22,330,0,0,0,0,0,1,0,0,0,1
0,0,0,0,10,10.36,330,0,0,0,0,0,1,1,0,0,0
0,0,0,0,10,8.05,340,0,0,1,0,0,1,1,0,0,0
0,0,0,0,10,9.22,330,0,0,0,0,0,1,0,1,0,0
0,0,0,0,10,5.75,70,0,0,0,0,0,1,0,0,1,0
0,0,0,0,10,11.5,320,0,0,0,1,0,1,0,0,1,0
0,0,0,0,10,10.36,310,0,0,0,0,0,1,0,0,0,1
0,0,0,0,10,11.5,320,0,0,0,0,0,1,1,0,0,0
0,0,0,0,10,10.36,320,0,0,1,0,0,1,1,0,0,0
0,0,0,0,10,14.97,340,0,0,0,0,0,1,0,1,0,0
0,0,0,0,10,11.5,320,0,0,0,0,0,1,0,0,1,0
0,0,0,0,10,8.05,320,0,0,0,1,0,1,0,0,1,0
0,0,0,0,10,8.05,310,0,0,0,0,0,1,0,0,0,1
0,0,0,0,10,5.75,320,0,0,0,0,1,0,1,0,0,0
1,1,0,0,10,3.44,320,0,0,1,0,1,0,1,0,0,0
0,0,0,0,10,11.5,350,0,0,0,0,1,0,0,1,0,0
0,0,0,0,10,8.05,70,0,0,0,0,1,0,0,0,1,0
0,0,0,0,10,6.91,140,0,0,0,1,1,0,0,0,1,0
0,0,0,0,10,4.61,250,0,0,0,0,1,0,0,0,0,1
0,0,0,0,10,4.61,300,0,0,0,0,1,0,1,0,0,0
0,0,0,0,10,5.75,310,0,0,1,0,1,0,1,0,0,0
0,0,0,0,10,8.05,60,0,0,0,0,1,0,0,1,0,0
0,0,0,0,10,9.22,50,0,0,0,0,1,0,0,0,1,0
0,0,0,0,10,6.91,80,0,0,0,1,1,0,0,0,1,0
0,0,0,0,10,5.75,100,0,0,0,0,1,0,0,0,0,1
0,0,0,0,10,6.91,140,0,0,0,0,0,1,1,0,0,0
0,0,0,0,10,4.61,330,0,0,1,0,0,1,1,0,0,0
0,0,0,0,10,13.8,140,0,0,0,0,0,1,0,1,0,0
0,0,0,0,10,11.5,130,0,0,0,0,0,1,0,0,1,0
1,1,0,0,10,12.66,130,0,0,0,1,0,1,0,0,1,0
0,0,0,0,10,8.05,120,0,0,0,0,0,1,0,0,0,1
0,0,0,0,10,9.22,130,0,0,0,0,0,1,1,0,0,0
0,0,0,0,10,11.5,140,0,0,1,0,0,1,1,0,0,0
0,0,0,0,10,13.8,150,0,0,0,0,0,1,0,1,0,0
0,0,0,0,10,17.27,140,0,0,0,0,0,1,0,0,1,0
0,0,0,0,10,12.66,150,0,0,0,1,0,1,0,0,1,0
0,0,0,0,10,8.05,150,0,0,0,0,0,1,0,0,0,1
0,0,0,0,10,6.91,150,0,0,0,0,0,1,1,0,0,0
0,0,0,0,10,5.75,170,0,0,1,0,0,1,1,0,0,0
0,0,0,0,10,9.22,170,0,0,0,0,0,1,0,1,0,0
1,1,0,0,10,12.66,140,0,0,0,0,0,1,0,0,1,0
0,0,0,0,10,8.05,160,0,0,0,1,0,1,0,0,1,0
0,0,0,0,10,6.91,140,0,0,0,0,0,1,0,0,0,1
0,0,0,0,8,3.44,330,0,0,0,0,0,1,1,0,0,0
0,0,0,0,6,4.61,340,1,0,1,0,0,1,1,0,0,0
0,0,0,0,9,11.5,130,0,0,0,0,0,1,0,1,0,0
0,0,0,0,10,12.66,130,0,0,0,0,0,1,0,0,1,0
0,0,0,0,10,10.36,140,0,0,0,1,0,1,0,0,1,0
0,0,0,0,10,9.22,130,0,0,0,0,0,1,0,0,0,1
0,0,0,0,10,10.36,140,0,0,0,0,0,1,1,0,0,0
0,0,0,0,10,10.36,140,0,0,1,0,0,1,1,0,0,0
0,0,0,0,10,16.11,160,0,0,0,0,0,1,0,1,0,0
0,0,0,0,10,13.8,140,0,0,0,0,0,1,0,0,1,0
0,0,0,0,10,10.36,140,0,0,0,1,0,1,0,0,1,0
0,0,0,0,10,5.75,150,0,0,0,0,0,1,0,0,0,1
1,1,0,0,10,5.75,170,0,0,0,0,1,0,1,0,0,0
0,0,0,0,10,6.91,160,0,0,1,0,1,0,1,0,0,0
0,0,0,0,10,14.97,170,0,0,0,0,1,0,0,1,0,0
0,0,0,0,10,14.97,160,0,0,0,0,1,0,0,0,1,0
0,0,0,0,10,13.8,170,0,0,0,1,1,0,0,0,1,0
0,0,0,0,10,5.75,220,0,0,0,0,1,0,0,0,0,1
0,0,1,0,10,0,0,0,0,0,0,1,0,1,0,0,0
0,0,1,0,10,3.44,180,0,0,1,0,1,0,1,0,0,0
0,0,1,0,10,8.05,190,0,0,0,0,1,0,0,1,0,0
0,0,1,0,10,12.66,140,0,0,0,0,1,0,0,0,1,0
0,0,1,0,10,10.36,140,0,0,0,1,1,0,0,0,1,0
0,0,1,0,10,8.05,140,0,0,0,0,1,0,0,0,0,1
0,0,0,0,10,4.61,140,0,0,0,0,0,1,1,0,0,0
1,1,0,0,9,4.61,190,0,0,1,0,0,1,1,0,0,0
0,0,0,0,10,17.27,190,0,0,0,0,0,1,0,1,0,0
1,1,0,0,10,19.57,180,0,0,0,0,0,1,0,0,1,0
2,1,0,0,10,14.97,240,0,0,0,1,0,1,0,0,1,0
0,0,0,0,10,11.5,260,0,0,0,0,0,1,0,0,0,1
0,0,0,0,10,11.5,320,0,0,0,0,0,1,1,0,0,0
0,0,0,0,10,10.36,330,0,0,1,0,0,1,1,0,0,0
0,0,0,0,10,11.5,340,0,0,0,0,0,1,0,1,0,0
0,0,0,0,10,11.5,290,0,0,0,0,0,1,0,0,1,0
0,0,0,0,10,9.22,280,0,0,0,1,0,1,0,0,1,0
0,0,0,0,10,6.91,350,0,0,0,0,0,1,0,0,0,1
0,0,0,0,10,5.75,350,0,0,0,0,0,1,1,0,0,0
0,0,0,0,10,12.66,100,0,0,1,0,0,1,1,0,0,0
0,0,0,0,10,16.11,90,0,0,0,0,0,1,0,1,0,0
0,0,0,0,10,11.5,140,0,0,0,0,0,1,0,0,1,0
0,0,0,0,10,8.05,120,0,0,0,1,0,1,0,0,1,0
0,0,0,0,10,4.61,150,0,0,0,0,0,1,0,0,0,1
0,0,0,0,9,3.44,160,0,0,0,0,0,1,1,0,0,0
0,0,0,0,6,3.44,180,1,0,1,0,0,1,1,0,0,0
1,1,0,0,10,12.66,220,0,0,0,0,0,1,0,1,0,0
1,1,0,0.001,10,14.97,230,0,0,0,0,0,1,0,0,1,0
1,1,0,0,9,16.11,260,0,0,0,1,0,1,0,0,1,0
0,0,0,0,10,14.97,40,0,0,0,0,0,1,0,0,0,1
0,0,0,0,10,8.05,340,0,0,0,0,0,1,1,0,0,0
0,0,0,0,10,5.75,340,0,0,1,0,0,1,1,0,0,0
0,0,0,0,10,12.66,330,0,0,0,0,0,1,0,1,0,0
0,0,0,0,10,10.36,300,0,0,0,0,0,1,0,0,1,0
1,1,0,0,8,12.66,330,0,0,0,1,0,1,0,0,1,0
1,1,0,0,8,12.66,340,0,0,0,0,0,1,0,0,0,1
0,0,0,0.001,10,11.5,340,0,1,0,0,1,0,1,0,0,0
0,0,0,0,6,16.11,330,1,1,1,0,1,0,1,0,0,0
0,0,0,0,4,13.8,340,1,1,0,0,1,0,0,1,0,0
0,0,0,0,10,14.97,10,0,0,0,0,1,0,0,0,1,0
0,0,0,0,10,14.97,30,0,0,0,1,1,0,0,0,1,0
0,0,0,0,10,11.5,340,0,0,0,0,1,0,0,0,0,1
1,1,0,0,10,13.8,350,0,0,0,0,1,0,1,0,0,0
0,0,0,0,10,12.66,340,0,0,1,0,1,0,1,0,0,0
0,0,0,0,10,17.27,360,0,0,0,0,1,0,0,1,0,0
0,0,0,0,10,16.11,50,0,0,0,0,1,0,0,0,1,0
0,0,0,0,10,14.97,30,0,0,0,1,1,0,0,0,1,0
0,0,0,0,10,8.05,360,0,0,0,0,1,0,0,0,0,1
0,0,1,0,10,4.61,330,0,0,0,0,0,1,1,0,0,0
0,0,1,0,10,5.75,40,0,0,1,0,0,1,1,0,0,0
0,0,1,0,10,10.36,50,0,0,0,0,0,1,0,1,0,0
1,1,1,0,10,10.36,80,0,0,0,0,0,1,0,0,1,0
1,1,1,0,10,8.05,70,0,0,0,1,0,1,0,0,1,0
0,0,1,0,10,5.75,260,0,0,0,0,0,1,0,0,0,1
0,0,0,0,10,9.22,350,0,0,0,0,0,1,1,0,0,0
0,0,0,0,10,10.36,350,0,0,1,0,0,1,1,0,0,0
1,1,0,0,10,8.05,340,0,0,0,0,0,1,0,1,0,0
0,0,0,0,10,9.22,80,0,0,0,0,0,1,0,0,1,0
0,0,0,0,10,4.61,80,0,0,0,1,0,1,0,0,1,0
1,1,0,0,10,9.22,90,0,0,0,0,0,1,0,0,0,1
0,0,0,0,10,8.05,80,0,0,0,0,0,1,1,0,0,0
0,0,0,0,10,4.61,100,0,0,1,0,0,1,1,0,0,0
0,0,0,0,10,11.5,140,0,0,0,0,0,1,0,1,0,0
0,0,0,0,10,6.91,170,0,0,0,0,0,1,0,0,1,0
2,1,0,0,10,9.22,80,0,1,0,1,0,1,0,0,1,0
0,0,0,0.01,10,12.66,110,0,0,0,0,0,1,0,0,0,1
0,0,0,0,10,12.66,120,0,0,0,0,0,1,1,0,0,0
0,0,0,0,10,12.66,120,0,0,1,0,0,1,1,0,0,0
0,0,0,0,10,16.11,130,0,0,0,0,0,1,0,1,0,0
1,1,0,0,10,11.5,110,0,0,0,0,0,1,0,0,1,0
1,1,0,0,10,12.66,80,0,0,0,1,0,1,0,0,1,0
0,0,0,0,10,11.5,110,0,0,0,0,0,1,0,0,0,1
0,0,0,0,10,9.22,110,0,0,0,0,0,1,1,0,0,0
0,0,0,0,10,12.66,90,0,0,1,0,0,1,1,0,0,0
0,0,0,0,10,13.8,100,0,0,0,0,0,1,0,1,0,0
0,0,0,0,10,12.66,80,0,0,0,0,0,1,0,0,1,0
0,0,0,0,10,8.05,90,0,0,0,1,0,1,0,0,1,0
0,0,0,0,10,6.91,60,0,0,0,0,0,1,0,0,0,1
0,0,0,0,10,6.91,70,0,0,0,0,1,0,1,0,0,0
0,0,0,0,10,3.44,330,0,0,1,0,1,0,1,0,0,0
0,0,0,0,10,10.36,60,0,0,0,0,1,0,0,1,0,0
0,0,0,0,10,13.8,60,0,0,0,0,1,0,0,0,1,0
0,0,0,0,10,8.05,100,0,0,0,1,1,0,0,0,1,0
0,0,0,0,10,4.61,100,0,0,0,0,1,0,0,0,0,1
0,0,0,0,10,6.91,320,0,0,0,0,1,0,1,0,0,0
0,0,0,0,9,4.61,340,0,0,1,0,1,0,1,0,0,0
0,0,0,0,10,10.36,70,0,0,0,0,1,0,0,1,0,0
0,0,0,0,10,11.5,80,0,0,0,0,1,0,0,0,1,0
0,0,0,0,10,11.5,100,0,0,0,1,1,0,0,0,1,0
0,0,0,0,10,9.22,140,0,0,0,0,1,0,0,0,0,1
0,0,1,0,10,11.5,140,0,0,0,0,0,1,1,0,0,0
0,0,1,0,10,9.22,150,0,0,1,0,0,1,1,0,0,0
0,0,1,0,10,17.27,140,0,0,0,0,0,1,0,1,0,0
0,0,1,0,10,19.57,150,0,0,0,0,0,1,0,0,1,0
0,0,1,0,10,12.66,160,0,0,0,1,0,1,0,0,1,0
0,0,1,0,10,5.75,180,0,0,0,0,0,1,0,0,0,1
0,0,0,0,8,0,0,0,0,0,0,0,1,1,0,0,0
0,0,0,0,5,3.44,190,1,0,1,0,0,1,1,0,0,0
0,0,0,0,10,9.22,300,0,0,0,0,0,1,0,1,0,0
0,0,0,0,10,13.8,130,0,0,0,0,0,1,0,0,1,0
0,0,0,0,10,12.66,140,0,0,0,1,0,1,0,0,1,0
1,1,0,0,10,9.22,240,0,0,0,0,0,1,0,0,0,1
0,0,0,0,10,8.05,290,0,0,0,0,0,1,1,0,0,0
0,0,0,0,8,4.61,310,0,0,1,0,0,1,1,0,0,0
0,0,0,0,10,13.8,50,0,0,0,0,0,1,0,1,0,0
0,0,0,0,10,14.97,60,0,0,0,0,0,1,0,0,1,0
0,0,0,0,10,11.5,70,0,0,0,1,0,1,0,0,1,0
0,0,0,0,10,8.05,80,0,0,0,0,0,1,0,0,0,1
0,0,0,0,4,4.61,320,1,0,0,0,0,1,1,0,0,0
0,0,0,0,0.125,5.75,310,1,0,1,0,0,1,1,0,0,0
0,0,0,0,10,14.97,130,0,0,0,0,0,1,0,1,0,0
0,0,0,0,9,13.8,100,0,1,0,0,0,1,0,0,1,0
0,0,0,0,10,11.5,140,0,0,0,1,0,1,0,0,1,0
1,1,0,0,10,11.5,120,0,0,0,0,0,1,0,0,0,1
1,1,0,0,10,14.97,160,0,0,0,0,0,1,1,0,0,0
0,0,0,0,10,12.66,170,0,0,1,0,0,1,1,0,0,0
1,1,0,0,10,13.8,210,0,0,0,0,0,1,0,1,0,0
0,0,0,0,10,17.27,160,0,0,0,0,0,1,0,0,1,0
0,0,0,0,10,9.22,180,0,0,0,1,0,1,0,0,1,0
0,0,0,0,10,4.61,190,0,0,0,0,0,1,0,0,0,1
0,0,0,0,10,3.44,190,0,0,0,0,1,0,1,0,0,0
0,0,0,0,10,0,0,0,0,1,0,1,0,1,0,0,0
0,0,0,0,10,10.36,130,0,0,0,0,1,0,0,1,0,0
0,0,0,0,10,11.5,150,0,0,0,0,1,0,0,0,1,0
0,0,0,0,10,13.8,130,0,0,0,1,1,0,0,0,1,0
0,0,0,0,10,6.91,140,0,0,0,0,1,0,0,0,0,1
0,0,0,0,10,6.91,110,0,0,0,0,1,0,1,0,0,0
0,0,0,0,10,8.05,130,0,0,1,0,1,0,1,0,0,0
0,0,0,0,10,16.11,170,0,0,0,0,1,0,0,1,0,0
0,0,0,0,10,16.11,130,0,0,0,0,1,0,0,0,1,0
0,0,0,0,10,11.5,140,0,0,0,1,1,0,0,0,1,0
0,0,0,0,10,9.22,130,0,0,0,0,1,0,0,0,0,1
0,0,0,0,10,10.36,130,0,0,0,0,0,1,1,0,0,0
0,0,0,0,10,12.66,140,0,0,1,0,0,1,1,0,0,0
0,0,0,0,10,18.41,160,0,0,0,0,0,1,0,1,0,0
0,0,0,0,10,18.41,140,0,0,0,0,0,1,0,0,1,0
0,0,0,0,10,17.27,160,0,0,0,1,0,1,0,0,1,0
1,1,0,0,10,3.44,160,0,0,0,0,0,1,0,0,0,1
0,0,0,0,10,0,0,0,0,0,0,0,1,1,0,0,0
0,0,0,0,8,6.91,200,0,0,1,0,0,1,1,0,0,0
2,1,0,0,10,10.36,270,0,0,0,0,0,1,0,1,0,0
0,0,0,0,10,11.5,300,0,0,0,0,0,1,0,0,1,0
0,0,0,0,10,25.32,30,0,0,0,1,0,1,0,0,1,0
0,0,0,0,4,13.8,30,1,1,0,0,0,1,0,0,0,1
0,0,0,0,8,11.5,40,0,1,0,0,0,1,1,0,0,0
0,0,0,0,10,17.27,60,0,0,1,0,0,1,1,0,0,0
0,0,0,0,10,18.41,60,0,0,0,0,0,1,0,1,0,0
0,0,0,0,10,20.71,70,0,0,0,0,0,1,0,0,1,0
0,0,0,0,10,17.27,60,0,0,0,1,0,1,0,0,1,0
0,0,0,0,10,14.97,60,0,0,0,0,0,1,0,0,0,1
0,0,0,0,10,14.97,60,0,0,0,0,0,1,1,0,0,0
0,0,0,0,10,13.8,70,0,0,1,0,0,1,1,0,0,0
2,1,0,0,10,23.02,90,0,0,0,0,0,1,0,1,0,0
0,0,0,0,10,20.71,80,0,0,0,0,0,1,0,0,1,0
0,0,0,0,10,20.71,90,0,0,0,1,0,1,0,0,1,0
0,0,0,0,8,18.41,80,0,1,0,0,0,1,0,0,0,1
0,0,0,0.001,10,21.85,80,0,1,0,0,0,1,1,0,0,0
0,0,0,0,10,21.85,80,0,0,1,0,0,1,1,0,0,0
0,0,0,0,10,21.85,100,0,0,0,0,0,1,0,1,0,0
1,1,0,0,10,18.41,100,0,0,0,0,0,1,0,0,1,0
0,0,0,0,10,19.57,90,0,0,0,1,0,1,0,0,1,0
0,0,0,0,10,20.71,110,0,0,0,0,0,1,0,0,0,1
0,0,0,0,10,18.41,80,0,1,0,0,1,0,1,0,0,0
0,0,0,0,10,20.71,100,0,0,1,0,1,0,1,0,0,0
0,0,0,0,10,20.71,120,0,0,0,0,1,0,0,1,0,0
1,1,0,0.001,3,14.97,100,0,1,0,0,1,0,0,0,1,0
0,0,0,0,10,13.8,120,0,0,0,1,1,0,0,0,1,0
0,0,0,0,2.5,23.02,140,1,3,0,0,1,0,0,0,0,1
0,0,0,0,2.5,16.11,130,1,1,0,0,1,0,1,0,0,0
0,0,0,0,10,10.36,170,0,0,1,0,1,0,1,0,0,0
0,0,0,0,10,13.8,180,0,0,0,0,1,0,0,1,0,0
0,0,0,0.32,0.5,14.97,170,1,3,0,0,1,0,0,0,1,0
0,0,0,0,10,10.36,260,0,0,0,1,1,0,0,0,1,0
0,0,0,0,10,8.05,250,0,0,0,0,1,0,0,0,0,1
0,0,0,0,10,9.22,310,0,0,0,0,0,1,1,0,0,0
1,1,0,0,10,9.22,340,0,0,1,0,0,1,1,0,0,0
0,0,0,0,10,8.05,340,0,0,0,0,0,1,0,1,0,0
0,0,0,0,10,12.66,50,0,0,0,0,0,1,0,0,1,0
0,0,0,0,10,11.5,60,0,0,0,1,0,1,0,0,1,0
0,0,0,0,10,8.05,80,0,0,0,0,0,1,0,0,0,1
0,0,0,0,10,9.22,70,0,0,0,0,0,1,1,0,0,0
0,0,0,0,10,13.8,90,0,0,1,0,0,1,1,0,0,0
0,0,0,0,10,12.66,80,0,0,0,0,0,1,0,1,0,0
0,0,0,0,10,16.11,80,0,0,0,0,0,1,0,0,1,0
0,0,0,0,10,13.8,90,0,0,0,1,0,1,0,0,1,0
0,0,0,0,10,17.27,110,0,0,0,0,0,1,0,0,0,1
0,0,0,0.001,10,20.71,110,0,1,0,0,0,1,1,0,0,0
0,0,0,0,10,17.27,120,0,0,1,0,0,1,1,0,0,0
0,0,0,0,10,17.27,130,0,0,0,0,0,1,0,1,0,0
0,0,0,0,10,18.41,110,0,0,0,0,0,1,0,0,1,0
0,0,0,0,10,11.5,150,0,0,0,1,0,1,0,0,1,0
0,0,0,0,10,12.66,130,0,0,0,0,0,1,0,0,0,1
0,0,0,0,10,8.05,150,0,0,0,0,0,1,1,0,0,0
0,0,0,0,10,10.36,170,0,0,1,0,0,1,1,0,0,0
0,0,0,0,4,17.27,190,0,1,0,0,0,1,0,1,0,0
0,0,0,0.001,1.5,36.82,320,1,3,0,0,0,1,0,0,1,0
0,0,0,0,10,12.66,100,0,0,0,1,0,1,0,0,1,0
0,0,0,0,10,14.97,320,0,0,0,0,0,1,0,0,0,1
0,0,0,0,10,12.66,320,0,0,0,0,0,1,1,0,0,0
0,0,0,0,10,19.57,340,0,0,1,0,0,1,1,0,0,0
0,0,0,0,10,19.57,330,0,0,0,0,0,1,0,1,0,0
0,0,0,0,10,18.41,330,0,0,0,0,0,1,0,0,1,0
0,0,0,0,10,10.36,340,0,0,0,1,0,1,0,0,1,0
0,0,0,0,10,4.61,360,0,0,0,0,0,1,0,0,0,1
0,0,0,0,10,8.05,330,0,0,0,0,1,0,1,0,0,0
0,0,0,0,10,9.22,340,0,0,1,0,1,0,1,0,0,0
0,0,0,0,10,16.11,340,0,0,0,0,1,0,0,1,0,0
0,0,0,0,10,13.8,60,0,0,0,0,1,0,0,0,1,0
0,0,0,0,10,10.36,90,0,0,0,1,1,0,0,0,1,0
0,0,0,0,10,9.22,60,0,0,0,0,1,0,0,0,0,1
0,0,1,0,10,9.22,80,0,0,0,0,1,0,1,0,0,0
0,0,1,0,10,6.91,90,0,0,1,0,1,0,1,0,0,0
0,0,1,0,10,10.36,90,0,0,0,0,1,0,0,1,0,0
0,0,1,0,10,13.8,70,0,0,0,0,1,0,0,0,1,0
0,0,1,0,10,11.5,60,0,0,0,1,1,0,0,0,1,0
0,0,1,0,10,6.91,80,0,0,0,0,1,0,0,0,0,1
0,0,0,0,10,5.75,90,0,0,0,0,0,1,1,0,0,0
0,0,0,0,10,6.91,110,0,0,1,0,0,1,1,0,0,0
0,0,0,0,10,12.66,90,0,0,0,0,0,1,0,1,0,0
1,1,0,0,10,12.66,100,0,0,0,0,0,1,0,0,1,0
0,0,0,0,10,11.5,120,0,0,0,1,0,1,0,0,1,0
0,0,0,0,10,6.91,110,0,0,0,0,0,1,0,0,0,1
0,0,0,0,10,8.05,110,0,0,0,0,0,1,1,0,0,0
0,0,0,0,10,10.36,130,0,0,1,0,0,1,1,0,0,0
0,0,0,0,10,14.97,140,0,0,0,0,0,1,0,1,0,0
0,0,0,0,10,12.66,110,0,0,0,0,0,1,0,0,1,0
0,0,0,0,10,13.8,80,0,0,0,1,0,1,0,0,1,0
0,0,0,0,10,11.5,110,0,0,0,0,0,1,0,0,0,1
0,0,0,0,10,8.05,120,0,0,0,0,0,1,1,0,0,0
0,0,0,0,10,3.44,150,0,0,1,0,0,1,1,0,0,0
0,0,0,0,10,9.22,110,0,0,0,0,0,1,0,1,0,0
1,1,0,0,10,10.36,110,0,0,0,0,0,1,0,0,1,0
0,0,0,0,10,9.22,120,0,0,0,1,0,1,0,0,1,0
0,0,0,0,10,5.75,130,0,0,0,0,0,1,0,0,0,1
0,0,0,0,10,0,0,0,0,0,0,0,1,1,0,0,0
0,0,0,0,10,0,0,0,0,1,0,0,1,1,0,0,0
0,0,0,0,10,6.91,350,0,0,0,0,0,1,0,1,0,0
0,0,0,0,10,11.5,40,0,0,0,0,0,1,0,0,1,0
0,0,0,0,10,14.97,60,0,0,0,1,0,1,0,0,1,0
0,0,0,0,10,9.22,60,0,0,0,0,0,1,0,0,0,1
0,0,0,0,10,6.91,80,0,0,0,0,0,1,1,0,0,0
0,0,0,0,10,9.22,50,0,0,1,0,0,1,1,0,0,0
0,0,0,0,10,13.8,60,0,0,0,0,0,1,0,1,0,0
0,0,0,0,10,13.8,80,0,0,0,0,0,1,0,0,1,0
0,0,0,0,10,10.36,80,0,0,0,1,0,1,0,0,1,0
0,0,0,0,10,12.66,50,0,0,0,0,0,1,0,0,0,1
1,1,0,0,10,8.05,70,0,0,0,0,1,0,1,0,0,0
0,0,0,0,10,4.61,100,0,0,1,0,1,0,1,0,0,0
0,0,0,0,10,10.36,330,0,0,0,0,1,0,0,1,0,0
0,0,0,0,10,13.8,60,0,0,0,0,1,0,0,0,1,0
0,0,0,0,10,13.8,90,0,0,0,1,1,0,0,0,1,0
0,0,0,0,10,8.05,100,0,0,0,0,1,0,0,0,0,1
0,0,0,0,10,6.91,70,0,0,0,0,1,0,1,0,0,0
0,0,0,0,10,8.05,70,0,0,1,0,1,0,1,0,0,0
0,0,0,0,10,14.97,60,0,0,0,0,1,0,0,1,0,0
0,0,0,0,10,14.97,90,0,0,0,0,1,0,0,0,1,0
1,1,0,0,10,14.97,70,0,0,0,1,1,0,0,0,1,0
0,0,0,0,10,9.22,80,0,0,0,0,1,0,0,0,0,1
0,0,0,0,10,13.8,60,0,0,0,0,0,1,1,0,0,0
0,0,0,0,10,18.41,80,0,0,1,0,0,1,1,0,0,0
1,1,0,0,10,17.27,90,0,0,0,0,0,1,0,1,0,0
0,0,0,0,10,16.11,60,0,0,0,0,0,1,0,0,1,0
0,0,0,0,10,14.97,70,0,0,0,1,0,1,0,0,1,0
0,0,0,0,10,11.5,90,0,0,0,0,0,1,0,0,0,1
0,0,0,0,10,8.05,80,0,0,0,0,0,1,1,0,0,0
0,0,0,0,10,6.91,70,0,0,1,0,0,1,1,0,0,0
0,0,0,0,10,10.36,60,0,0,0,0,0,1,0,1,0,0
0,0,0,0,10,10.36,130,0,0,0,0,0,1,0,0,1,0
0,0,0,0,10,10.36,100,0,0,0,1,0,1,0,0,1,0
0,0,0,0,10,4.61,130,0,0,0,0,0,1,0,0,0,1
0,0,0,0,10,0,0,0,0,0,0,0,1,1,0,0,0
0,0,0,0,10,0,0,0,0,1,0,0,1,1,0,0,0
0,0,0,0,9,8.05,320,0,0,0,0,0,1,0,1,0,0
0,0,0,0,10,13.8,150,0,0,0,0,0,1,0,0,1,0
0,0,0,0,10,12.66,150,0,0,0,1,0,1,0,0,1,0
0,0,0,0,10,0,0,0,0,0,0,0,1,0,0,0,1
0,0,0,0,10,0,0,0,0,0,0,0,1,1,0,0,0
0,0,0,0,10,0,0,0,0,1,0,0,1,1,0,0,0
0,0,0,0,10,0,0,0,0,0,0,0,1,0,1,0,0
1,1,0,0,10,11.5,130,0,0,0,0,0,1,0,0,1,0
0,0,0,0,10,11.5,160,0,0,0,1,0,1,0,0,1,0
0,0,0,0,10,14.97,280,0,0,0,0,0,1,0,0,0,1
1,1,0,0,8,6.91,270,0,0,0,0,0,1,1,0,0,0
0,0,0,0,6,8.05,280,1,0,1,0,0,1,1,0,0,0
0,0,0,0,9,9.22,330,0,0,0,0,0,1,0,1,0,0
0,0,0,0,10,10.36,240,0,0,0,0,0,1,0,0,1,0
0,0,0,0,10,12.66,180,0,0,0,1,0,1,0,0,1,0
0,0,0,0,10,9.22,270,0,0,0,0,0,1,0,0,0,1
0,0,0,0,10,4.61,270,0,0,0,0,1,0,1,0,0,0
0,0,0,0,9,4.61,310,0,0,1,0,1,0,1,0,0,0
0,0,0,0,9,9.22,110,0,0,0,0,1,0,0,1,0,0
0,0,0,0,10,13.8,140,0,0,0,0,1,0,0,0,1,0
0,0,0,0,10,18.41,150,0,0,0,1,1,0,0,0,1,0
0,0,0,0,10,6.91,180,0,0,0,0,1,0,0,0,0,1
0,0,0,0,10,0,0,0,0,0,0,1,0,1,0,0,0
0,0,0,0,10,0,0,0,0,1,0,1,0,1,0,0,0
0,0,0,0,10,11.5,140,0,0,0,0,1,0,0,1,0,0
0,0,0,0,10,13.8,160,0,0,0,0,1,0,0,0,1,0
0,0,0,0,10,13.8,150,0,0,0,1,1,0,0,0,1,0
1,1,0,0,10,6.91,180,0,0,0,0,1,0,0,0,0,1
0,0,0,0,10,0,0,0,0,0,0,0,1,1,0,0,0
0,0,0,0,10,8.05,180,0,0,1,0,0,1,1,0,0,0
0,0,0,0.001,8,26.46,340,0,1,0,0,0,1,0,1,0,0
2,1,0,0,10,10.36,110,0,0,0,0,0,1,0,0,1,0
0,0,0,0,0.25,21.85,360,1,3,0,1,0,1,0,0,1,0
0,0,0,0.1,10,17.27,360,0,1,0,0,0,1,0,0,0,1
0,0,0,0,10,11.5,90,0,0,0,0,0,1,1,0,0,0
0,0,0,0,10,10.36,160,0,0,1,0,0,1,1,0,0,0
0,0,0,0,10,8.05,170,0,0,0,0,0,1,0,1,0,0
0,0,0,0,10,13.8,110,0,0,0,0,0,1,0,0,1,0
0,0,0,0,10,13.8,110,0,1,0,1,0,1,0,0,1,0
0,0,0,0,10,10.36,120,0,0,0,0,0,1,0,0,0,1
0,0,0,0,10,6.91,130,0,0,0,0,0,1,1,0,0,0
0,0,0,0,10,9.22,160,0,0,1,0,0,1,1,0,0,0
0,0,0,0,10,18.41,160,0,0,0,0,0,1,0,1,0,0
0,0,0,0,10,20.71,170,0,0,0,0,0,1,0,0,1,0
1,1,0,0,10,14.97,190,0,0,0,1,0,1,0,0,1,0
2,1,0,0,10,8.05,190,0,0,0,0,0,1,0,0,0,1
0,0,0,0,10,3.44,350,0,0,0,0,0,1,1,0,0,0
0,0,0,0,7,6.91,170,0,0,1,0,0,1,1,0,0,0
0,0,0,0,10,18.41,210,0,0,0,0,0,1,0,1,0,0
1,1,0,0,10,21.85,190,0,0,0,0,0,1,0,0,1,0
0,0,0,0,10,20.71,210,0,0,0,1,0,1,0,0,1,0
0,0,0,0,10,10.36,260,0,0,0,0,0,1,0,0,0,1
0,0,0,0,10,10.36,240,0,0,0,0,0,1,1,0,0,0
0,0,0,0.001,10,9.22,240,0,0,1,0,0,1,1,0,0,0
0,0,0,0.001,10,16.11,250,0,0,0,0,0,1,0,1,0,0
0,0,0,0,10,14.97,340,0,0,0,0,0,1,0,0,1,0
0,0,0,0,10,13.8,310,0,0,0,1,0,1,0,0,1,0
0,0,0,0,10,6.91,100,0,0,0,0,0,1,0,0,0,1
0,0,0,0,8,4.61,340,0,0,0,0,1,0,1,0,0,0
0,0,0,0,9,3.44,350,0,0,1,0,1,0,1,0,0,0
0,0,0,0,10,11.5,120,0,0,0,0,1,0,0,1,0,0
0,0,0,0,10,13.8,150,0,0,0,0,1,0,0,0,1,0
0,0,0,0,10,11.5,140,0,0,0,1,1,0,0,0,1,0
0,0,0,0,10,6.91,130,0,0,0,0,1,0,0,0,0,1
0,0,0,0,10,4.61,150,0,0,0,0,1,0,1,0,0,0
0,0,0,0,8,4.61,340,0,0,1,0,1,0,1,0,0,0
0,0,0,0,10,11.5,50,0,0,0,0,1,0,0,1,0,0
0,0,0,0,10,13.8,100,0,0,0,0,1,0,0,0,1,0
0,0,0,0,10,14.97,100,0,0,0,1,1,0,0,0,1,0
0,0,0,0,10,10.36,110,0,0,0,0,1,0,0,0,0,1
0,0,0,0,10,10.36,130,0,0,0,0,0,1,1,0,0,0
0,0,0,0,10,11.5,130,0,0,1,0,0,1,1,0,0,0
1,1,0,0,10,17.27,140,0,0,0,0,0,1,0,1,0,0
0,0,0,0,10,18.41,140,0,0,0,0,0,1,0,0,1,0
0,0,0,0,10,17.27,150,0,0,0,1,0,1,0,0,1,0
0,0,0,0,10,11.5,150,0,0,0,0,0,1,0,0,0,1
0,0,0,0,10,14.97,150,0,1,0,0,0,1,1,0,0,0
0,0,0,0.001,10,14.97,180,0,0,1,0,0,1,1,0,0,0
1,1,0,0,10,14.97,180,0,0,0,0,0,1,0,1,0,0
0,0,0,0,1.5,24.16,310,1,1,0,0,0,1,0,0,1,0
1,1,0,0.17,10,9.22,300,0,0,0,1,0,1,0,0,1,0
0,0,0,0,10,6.91,290,0,0,0,0,0,1,0,0,0,1
0,0,0,0,10,11.5,330,0,0,0,0,0,1,1,0,0,0
0,0,0,0,10,8.05,350,0,0,1,0,0,1,1,0,0,0
0,0,0,0,10,18.41,60,0,0,0,0,0,1,0,1,0,0
0,0,0,0,10,16.11,60,0,0,0,0,0,1,0,0,1,0
0,0,0,0,10,14.97,70,0,0,0,1,0,1,0,0,1,0
0,0,0,0,10,11.5,90,0,0,0,0,0,1,0,0,0,1
0,0,0,0,10,8.05,110,0,0,0,0,0,1,1,0,0,0
0,0,0,0,10,0,0,0,0,1,0,0,1,1,0,0,0
0,0,0,0,10,11.5,110,0,0,0,0,0,1,0,1,0,0
2,1,0,0,10,14.97,100,0,0,0,0,0,1,0,0,1,0
0,0,0,0,10,13.8,100,0,0,0,1,0,1,0,0,1,0
0,0,0,0,10,11.5,100,0,0,0,0,0,1,0,0,0,1
0,0,0,0,10,9.22,110,0,0,0,0,0,1,1,0,0,0
0,0,0,0,10,5.75,150,0,0,1,0,0,1,1,0,0,0
0,0,0,0,10,11.5,100,0,0,0,0,0,1,0,1,0,0
0,0,0,0,10,12.66,90,0,0,0,0,0,1,0,0,1,0
0,0,0,0,10,12.66,90,0,0,0,1,0,1,0,0,1,0
0,0,0,0,10,9.22,110,0,0,0,0,0,1,0,0,0,1
0,0,0,0,10,4.61,130,0,0,0,0,1,0,1,0,0,0
0,0,0,0,10,0,0,0,0,1,0,1,0,1,0,0,0
1,1,0,0,10,6.91,90,0,0,0,0,1,0,0,1,0,0
0,0,0,0,10,11.5,120,0,0,0,0,1,0,0,0,1,0
2,1,0,0,10,10.36,120,0,0,0,1,1,0,0,0,1,0
0,0,0,0,10,4.61,120,0,0,0,0,1,0,0,0,0,1
0,0,0,0,10,3.44,210,0,0,0,0,1,0,1,0,0,0
0,0,0,0,10,4.61,340,0,0,1,0,1,0,1,0,0,0
0,0,0,0,10,9.22,110,0,0,0,0,1,0,0,1,0,0
0,0,0,0,10,10.36,140,0,0,0,0,1,0,0,0,1,0
0,0,0,0,10,10.36,130,0,0,0,1,1,0,0,0,1,0
1,1,0,0,10,4.61,150,0,0,0,0,1,0,0,0,0,1
0,0,0,0,10,4.61,260,0,0,0,0,0,1,1,0,0,0
0,0,0,0,9,0,0,0,0,1,0,0,1,1,0,0,0
0,0,0,0,10,11.5,130,0,0,0,0,0,1,0,1,0,0
0,0,0,0,10,12.66,120,0,0,0,0,0,1,0,0,1,0
0,0,0,0,10,11.5,140,0,0,0,1,0,1,0,0,1,0
0,0,0,0,10,8.05,160,0,0,0,0,0,1,0,0,0,1
0,0,0,0,10,0,0,0,0,0,0,0,1,1,0,0,0
0,0,0,0,8,4.61,310,0,0,1,0,0,1,1,0,0,0
0,0,0,0,10,8.05,210,0,0,0,0,0,1,0,1,0,0
0,0,0,0,10,17.27,140,0,0,0,0,0,1,0,0,1,0
0,0,0,0,10,13.8,150,0,0,0,1,0,1,0,0,1,0
0,0,0,0,10,8.05,240,0,0,0,0,0,1,0,0,0,1
0,0,0,0,10,6.91,260,0,0,0,0,0,1,1,0,0,0
0,0,0,0,8,4.61,260,0,0,1,0,0,1,1,0,0,0
1,1,0,0.03,3,6.91,220,0,1,0,0,0,1,0,1,0,0
0,0,0,0,10,12.66,130,0,0,0,0,0,1,0,0,1,0
0,0,0,0,10,10.36,160,0,0,0,1,0,1,0,0,1,0
0,0,0,0,10,6.91,100,0,0,0,0,0,1,0,0,0,1
0,0,0,0,10,3.44,270,0,0,0,0,0,1,1,0,0,0
0,0,0,0,10,11.5,80,0,0,1,0,0,1,1,0,0,0
0,0,0,0,0.75,13.8,90,1,3,0,0,0,1,0,1,0,0
0,0,0,0,10,13.8,90,0,0,0,0,0,1,0,0,1,0
0,0,0,0,10,11.5,80,0,0,0,1,0,1,0,0,1,0
0,0,0,0,10,11.5,110,0,0,0,0,0,1,0,0,0,1
0,0,0,0,10,5.75,110,0,0,0,0,0,1,1,0,0,0
0,0,0,0,10,5.75,140,0,0,1,0,0,1,1,0,0,0
0,0,0,0,10,13.8,110,0,0,0,0,0,1,0,1,0,0
0,0,0,0,10,17.27,120,0,0,0,0,0,1,0,0,1,0
0,0,0,0,10,13.8,140,0,0,0,1,0,1,0,0,1,0
0,0,0,0,10,6.91,130,0,0,0,0,0,1,0,0,0,1
0,0,0,0,10,5.75,140,0,0,0,0,1,0,1,0,0,0
0,0,0,0,10,3.44,150,0,0,1,0,1,0,1,0,0,0
0,0,0,0,5,13.8,130,1,1,0,0,1,0,0,1,0,0
0,0,0,0,2,12.66,160,0,1,0,0,1,0,0,0,1,0
0,0,0,0.02,10,12.66,160,0,0,0,1,1,0,0,0,1,0
0,0,0,0.001,10,6.91,190,0,0,0,0,1,0,0,0,0,1
0,0,0,0,10,4.61,230,0,0,0,0,1,0,1,0,0,0
0,0,0,0,9,0,0,0,0,1,0,1,0,1,0,0,0
0,0,0,0,10,8.05,260,0,0,0,0,1,0,0,1,0,0
0,0,0,0,10,12.66,110,0,0,0,0,1,0,0,0,1,0
0,0,0,0,0.75,13.8,160,1,3,0,1,1,0,0,0,1,0
0,0,0,0,10,3.44,190,0,0,0,0,1,0,0,0,0,1
0,0,0,0,10,0,0,0,0,0,0,0,1,1,0,0,0
0,0,0,0,10,0,0,0,0,1,0,0,1,1,0,0,0
0,0,0,0,10,10.36,130,0,0,0,0,0,1,0,1,0,0
0,0,0,0,10,12.66,150,0,0,0,0,0,1,0,0,1,0
0,0,0,0,10,13.8,150,0,0,0,1,0,1,0,0,1,0
0,0,0,0,10,10.36,120,0,0,0,0,0,1,0,0,0,1
0,0,0,0,10,3.44,120,0,0,0,0,0,1,1,0,0,0
0,0,0,0,10,4.61,200,0,0,1,0,0,1,1,0,0,0
0,0,0,0,10,16.11,100,0,0,0,0,0,1,0,1,0,0
0,0,0,0,10,18.41,140,0,0,0,0,0,1,0,0,1,0
0,0,0,0,10,12.66,130,0,0,0,1,0,1,0,0,1,0
0,0,0,0,10,10.36,100,0,0,0,0,0,1,0,0,0,1
0,0,0,0,10,12.66,110,0,0,0,0,0,1,1,0,0,0
0,0,0,0,10,10.36,120,0,0,1,0,0,1,1,0,0,0
0,0,0,0,10,14.97,110,0,0,0,0,0,1,0,1,0,0
2,1,0,0,10,13.8,90,0,0,0,0,0,1,0,0,1,0
0,0,0,0,10,14.97,100,0,0,0,1,0,1,0,0,1,0
0,0,0,0,10,10.36,80,0,0,0,0,0,1,0,0,0,1
0,0,0,0,10,14.97,100,0,0,0,0,0,1,1,0,0,0
0,0,0,0,10,11.5,110,0,0,1,0,0,1,1,0,0,0
1,1,0,0,10,13.8,80,0,0,0,0,0,1,0,1,0,0
0,0,0,0,10,16.11,70,0,0,0,0,0,1,0,0,1,0
1,1,0,0,10,12.66,70,0,0,0,1,0,1,0,0,1,0
0,0,0,0,10,14.97,60,0,0,0,0,0,1,0,0,0,1
0,0,0,0,10,13.8,90,0,0,0,0,0,1,1,0,0,0
0,0,0,0,10,10.36,110,0,0,1,0,0,1,1,0,0,0
0,0,0,0,10,12.66,90,0,0,0,0,0,1,0,1,0,0
0,0,0,0,10,16.11,130,0,0,0,0,0,1,0,0,1,0
0,0,0,0,10,12.66,110,0,0,0,1,0,1,0,0,1,0
0,0,0,0,10,11.5,90,0,0,0,0,0,1,0,0,0,1
0,0,0,0,10,14.97,90,0,0,0,0,1,0,1,0,0,0
0,0,0,0,10,16.11,100,0,0,1,0,1,0,1,0,0,0
1,1,0,0,10,16.11,110,0,0,0,0,1,0,0,1,0,0
0,0,0,0,10,16.11,140,0,0,0,0,1,0,0,0,1,0
0,0,0,0,10,12.66,70,0,0,0,1,1,0,0,0,1,0
0,0,0,0,10,12.66,90,0,0,0,0,1,0,0,0,0,1
0,0,1,0,8,10.36,90,0,1,0,0,1,0,1,0,0,0
0,0,1,0,6,17.27,100,0,3,1,0,1,0,1,0,0,0
0,0,1,0,10,16.11,110,0,0,0,0,1,0,0,1,0,0
0,0,1,0,10,16.11,110,0,0,0,0,1,0,0,0,1,0
0,0,1,0,10,14.97,100,0,0,0,1,1,0,0,0,1,0
0,0,1,0,10,12.66,100,0,0,0,0,1,0,0,0,0,1
0,0,0,0,10,13.8,100,0,0,0,0,0,1,1,0,0,0
0,0,0,0,10,12.66,110,0,0,1,0,0,1,1,0,0,0
0,0,0,0,10,16.11,110,0,0,0,0,0,1,0,1,0,0
0,0,0,0,10,14.97,90,0,0,0,0,0,1,0,0,1,0
0,0,0,0,10,13.8,90,0,0,0,1,0,1,0,0,1,0
0,0,0,0,10,11.5,80,0,0,0,0,0,1,0,0,0,1
0,0,0,0,10,11.5,110,0,0,0,0,0,1,1,0,0,0
0,0,0,0.001,10,4.61,150,0,0,1,0,0,1,1,0,0,0
0,0,0,0,10,16.11,140,0,0,0,0,0,1,0,1,0,0
0,0,0,0,10,16.11,150,0,0,0,0,0,1,0,0,1,0
0,0,0,0,10,11.5,140,0,0,0,1,0,1,0,0,1,0
0,0,0,0,10,12.66,150,0,0,0,0,0,1,0,0,0,1
0,0,0,0,10,13.8,140,0,0,0,0,0,1,1,0,0,0
0,0,0,0,10,13.8,160,0,1,1,0,0,1,1,0,0,0
0,0,0,0,10,17.27,140,0,0,0,0,0,1,0,1,0,0
0,0,0,0,10,18.41,130,0,0,0,0,0,1,0,0,1,0
0,0,0,0,10,16.11,150,0,0,0,1,0,1,0,0,1,0
0,0,0,0,10,12.66,140,0,0,0,0,0,1,0,0,0,1
0,0,0,0,10,10.36,150,0,0,0,0,0,1,1,0,0,0
0,0,0,0,10,9.22,150,0,0,1,0,0,1,1,0,0,0
0,0,0,0,10,14.97,140,0,0,0,0,0,1,0,1,0,0
0,0,0,0,10,16.11,150,0,0,0,0,0,1,0,0,1,0
0,0,0,0,10,14.97,150,0,0,0,1,0,1,0,0,1,0
0,0,0,0,10,6.91,150,0,0,0,0,0,1,0,0,0,1
0,0,0,0,10,3.44,190,0,0,0,0,0,1,1,0,0,0
0,0,0,0,10,3.44,190,0,0,1,0,0,1,1,0,0,0
0,0,0,0,10,9.22,180,0,0,0,0,0,1,0,1,0,0
1,1,0,0,10,16.11,190,0,0,0,0,0,1,0,0,1,0
0,0,0,0,0.5,16.11,190,0,1,0,1,0,1,0,0,1,0
0,0,0,0,10,9.22,10,0,0,0,1,0,1,0,0,0,1
0,0,0,0,10,8.05,150,0,0,0,0,1,0,1,0,0,0
1,1,0,0,10,5.75,20,0,0,1,0,1,0,1,0,0,0
0,0,0,0,4,9.22,60,0,3,0,0,1,0,0,1,0,0
0,0,0,0,10,16.11,60,0,0,0,0,1,0,0,0,1,0
0,0,0,0,10,18.41,60,0,0,0,1,1,0,0,0,1,0
0,0,0,0,10,13.8,70,0,0,0,0,1,0,0,0,0,1
0,0,0,0,10,14.97,90,0,0,0,0,1,0,1,0,0,0
1,1,0,0,10,13.8,70,0,0,1,0,1,0,1,0,0,0
0,0,0,0,10,16.11,100,0,0,0,0,1,0,0,1,0,0
0,0,0,0,10,16.11,90,0,0,0,0,1,0,0,0,1,0
0,0,0,0,10,16.11,100,0,0,0,1,1,0,0,0,1,0
0,0,0,0,10,0,0,0,0,0,1,1,0,0,0,0,1
0,0,0,0,6,17.27,90,0,1,0,0,0,1,1,0,0,0
0,0,0,0,10,18.41,110,0,0,1,0,0,1,1,0,0,0
0,0,0,0,8,17.27,110,0,1,0,0,0,1,0,1,0,0
0,0,0,0,10,17.27,90,0,0,0,0,0,1,0,0,1,0
0,0,0,0,10,17.27,80,0,0,0,1,0,1,0,0,1,0
0,0,0,0,10,14.97,100,0,0,0,1,0,1,0,0,0,1
0,0,0,0,10,13.8,90,0,0,0,0,0,1,1,0,0,0
0,0,0,0,10,14.97,100,0,0,1,0,0,1,1,0,0,0
0,0,0,0,10,12.66,110,0,0,0,0,0,1,0,1,0,0
0,0,0,0,10,13.8,100,0,0,0,0,0,1,0,0,1,0
1,1,0,0,10,12.66,120,0,0,0,1,0,1,0,0,1,0
0,0,0,0,10,11.5,100,0,0,0,1,0,1,0,0,0,1
0,0,0,0,10,10.36,120,0,0,0,0,0,1,1,0,0,0
0,0,0,0,10,5.75,120,0,0,1,0,0,1,1,0,0,0
0,0,0,0,10,6.91,180,0,0,0,0,0,1,0,1,0,0
0,0,0,0,10,12.66,110,0,0,0,0,0,1,0,0,1,0
0,0,0,0,10,11.5,70,0,0,0,1,0,1,0,0,1,0
0,0,0,0,10,12.66,100,0,0,0,1,0,1,0,0,0,1
0,0,0,0,10,6.91,90,0,0,0,0,0,1,1,0,0,0
0,0,0,0,9,8.05,330,0,1,1,0,0,1,1,0,0,0
0,0,0,0.001,9,13.8,50,0,1,0,0,0,1,0,1,0,0
0,0,0,0,10,9.22,80,0,0,0,0,0,1,0,0,1,0
0,0,0,0.001,10,11.5,70,0,0,0,1,0,1,0,0,1,0
0,0,0,0,10,13.8,100,0,0,0,1,0,1,0,0,0,1
0,0,0,0,10,14.97,90,0,0,0,0,0,1,1,0,0,0
0,0,0,0,2.5,12.66,60,1,3,1,0,0,1,1,0,0,0
0,0,0,0.001,10,13.8,140,0,1,0,0,0,1,0,1,0,0
0,0,0,0,10,12.66,130,0,0,0,0,0,1,0,0,1,0
0,0,0,0,10,10.36,160,0,0,0,1,0,1,0,0,1,0
0,0,0,0,10,5.75,180,0,0,0,1,0,1,0,0,0,1
0,0,0,0,10,3.44,170,0,0,0,0,1,0,1,0,0,0
0,0,0,0,10,4.61,260,0,0,1,0,1,0,1,0,0,0
0,0,0,0,10,5.75,290,0,0,0,0,1,0,0,1,0,0
0,0,0,0,10,12.66,110,0,0,0,0,1,0,0,0,1,0
0,0,0,0,10,11.5,120,0,0,0,1,1,0,0,0,1,0
0,0,0,0,10,5.75,180,0,0,0,1,1,0,0,0,0,1
0,0,1,0,10,8.05,250,0,0,0,0,1,0,1,0,0,0
0,0,1,0,10,5.75,220,0,0,1,0,1,0,1,0,0,0
0,0,1,0,10,9.22,260,0,0,0,0,1,0,0,1,0,0
0,0,1,0,10,14.97,140,0,0,0,0,1,0,0,0,1,0
0,0,1,0,10,12.66,150,0,0,0,1,1,0,0,0,1,0
0,0,1,0,10,9.22,210,0,0,0,1,1,0,0,0,0,1
0,0,0,0,7,8.05,260,0,0,0,0,0,1,1,0,0,0
0,0,0,0,7,5.75,270,0,0,1,0,0,1,1,0,0,0
0,0,0,0,10,9.22,290,0,0,0,0,0,1,0,1,0,0
0,0,0,0,10,13.8,120,0,0,0,0,0,1,0,0,1,0
0,0,0,0,10,12.66,130,0,0,0,1,0,1,0,0,1,0
0,0,0,0,10,5.75,140,0,0,0,1,0,1,0,0,0,1
0,0,0,0,4,6.91,230,1,0,0,0,0,1,1,0,0,0
1,1,0,0,2,5.75,260,1,0,1,0,0,1,1,0,0,0
0,0,0,0,2,11.5,70,1,0,0,0,0,1,0,1,0,0
0,0,0,0,10,14.97,80,0,0,0,0,0,1,0,0,1,0
0,0,0,0,8,12.66,70,0,0,0,1,0,1,0,0,1,0
0,0,0,0,10,11.5,110,0,0,0,1,0,1,0,0,0,1
0,0,0,0,10,12.66,110,0,0,0,0,0,1,1,0,0,0
1,1,0,0,10,8.05,130,0,0,1,0,0,1,1,0,0,0
0,0,0,0,10,12.66,140,0,0,0,0,0,1,0,1,0,0
0,0,0,0,10,12.66,130,0,0,0,0,0,1,0,0,1,0
0,0,0,0,10,12.66,150,0,0,0,1,0,1,0,0,1,0
0,0,0,0,10,11.5,210,0,0,0,1,0,1,0,0,0,1
0,0,0,0,10,8.05,250,0,0,0,0,0,1,1,0,0,0
0,0,0,0,5,5.75,290,1,0,1,0,0,1,1,0,0,0
0,0,0,0,6,14.97,60,1,0,0,0,0,1,0,1,0,0
0,0,0,0,10,17.27,70,0,0,0,0,0,1,0,0,1,0
0,0,0,0,10,12.66,60,0,0,0,1,0,1,0,0,1,0
0,0,0,0,10,11.5,100,0,0,0,1,0,1,0,0,0,1
0,0,0,0,10,9.22,100,0,0,0,0,0,1,1,0,0,0
0,0,0,0,10,6.91,110,0,0,1,0,0,1,1,0,0,0
0,0,0,0,10,8.05,80,0,0,0,0,0,1,0,1,0,0
0,0,0,0,10,13.8,140,0,0,0,0,0,1,0,0,1,0
0,0,0,0,10,12.66,140,0,0,0,1,0,1,0,0,1,0
0,0,0,0,10,8.05,180,0,0,0,1,0,1,0,0,0,1
0,0,0,0,10,3.44,180,0,0,0,0,1,0,1,0,0,0
0,0,0,0,10,3.44,170,0,0,1,0,1,0,1,0,0,0
0,0,0,0,10,11.5,170,0,0,0,0,1,0,0,1,0,0
0,0,0,0,10,19.57,160,0,0,0,0,1,0,0,0,1,0
1,1,0,0,10,13.8,180,0,0,0,1,1,0,0,0,1,0
0,0,0,0,9,24.16,340,0,1,0,1,1,0,0,0,0,1
0,0,0,0,10,4.61,140,0,0,0,0,1,0,1,0,0,0
0,0,0,0,10,4.61,170,0,0,1,0,1,0,1,0,0,0
0,0,0,0,10,11.5,220,0,1,0,0,1,0,0,1,0,0
0,0,0,0,10,12.66,230,0,0,0,0,1,0,0,0,1,0
0,0,0,0,10,13.8,240,0,0,0,1,1,0,0,0,1,0
0,0,0,0,10,12.66,290,0,0,0,1,1,0,0,0,0,1
0,0,0,0,10,6.91,290,0,0,0,0,0,1,1,0,0,0
0,0,0,0,10,0,0,0,0,1,0,0,1,1,0,0,0
0,0,0,0,10,10.36,270,0,0,0,0,0,1,0,1,0,0
0,0,0,0,10,14.97,260,0,0,0,0,0,1,0,0,1,0
0,0,0,0,10,18.41,230,0,0,0,1,0,1,0,0,1,0
1,1,0,0,10,12.66,280,0,0,0,1,0,1,0,0,0,1
0,0,0,0,10,9.22,280,0,0,0,0,0,1,1,0,0,0
0,0,0,0,10,8.05,220,0,0,1,0,0,1,1,0,0,0
0,0,0,0,10,14.97,270,0,0,0,0,0,1,0,1,0,0
1,1,0,0,10,21.85,280,0,0,0,0,0,1,0,0,1,0
0,0,0,0,10,18.41,250,0,0,0,1,0,1,0,0,1,0
0,0,0,0,10,11.5,260,0,0,0,1,0,1,0,0,0,1
0,0,0,0,10,6.91,260,0,0,0,0,0,1,1,0,0,0
0,0,0,0,10,4.61,330,0,0,1,0,0,1,1,0,0,0
0,0,0,0,10,8.05,310,0,0,0,0,0,1,0,1,0,0
0,0,0,0,10,14.97,120,0,0,0,0,0,1,0,0,1,0
0,0,0,0,10,16.11,150,0,0,0,0,0,1,0,0,1,0
0,0,0,0,10,5.75,140,0,0,0,1,0,1,0,0,0,1
0,0,0,0,10,5.75,320,0,0,0,0,0,1,1,0,0,0
0,0,0,0,10,6.91,320,0,0,1,0,0,1,1,0,0,0
0,0,0,0,10,8.05,130,0,0,0,0,0,1,0,1,0,0
0,0,0,0,10,13.8,140,0,0,0,0,0,1,0,0,1,0
0,0,0,0,10,14.97,140,0,0,0,0,0,1,0,0,1,0
0,0,0,0,10,5.75,120,0,0,0,1,0,1,0,0,0,1
0,0,0,0,10,8.05,130,0,0,0,0,0,1,1,0,0,0
0,0,0,0,10,10.36,140,0,0,1,0,0,1,1,0,0,0
0,0,0,0,10,12.66,130,0,0,0,0,0,1,0,1,0,0
0,0,0,0,10,14.97,120,0,0,0,0,0,1,0,0,1,0
0,0,0,0,10,13.8,110,0,0,0,0,0,1,0,0,1,0
0,0,0,0,10,8.05,130,0,0,0,1,0,1,0,0,0,1
1,1,0,0,10,6.91,90,0,0,0,0,1,0,1,0,0,0
0,0,0,0,10,8.05,120,0,0,1,0,1,0,1,0,0,0
0,0,0,0,10,10.36,140,0,0,0,0,1,0,0,1,0,0
0,0,0,0,10,10.36,120,0,0,0,0,1,0,0,0,1,0
0,0,0,0,10,12.66,100,0,0,0,0,1,0,0,0,1,0
0,0,0,0,10,12.66,90,0,0,0,1,1,0,0,0,0,1
0,0,0,0,10,10.36,100,0,0,0,0,1,0,1,0,0,0
0,0,0,0,10,6.91,110,0,0,1,0,1,0,1,0,0,0
0,0,0,0,10,10.36,120,0,0,0,0,1,0,0,1,0,0
0,0,0,0,10,13.8,70,0,0,0,0,1,0,0,0,1,0
0,0,0,0,10,12.66,70,0,0,0,0,1,0,0,0,1,0
0,0,0,0,10,12.66,60,0,0,0,1,1,0,0,0,0,1
0,0,0,0,10,12.66,100,0,0,0,0,0,1,1,0,0,0
0,0,0,0,10,10.36,110,0,0,1,0,0,1,1,0,0,0
0,0,0,0,10,13.8,140,0,0,0,0,0,1,0,1,0,0
1,1,0,0,10,14.97,90,0,0,0,0,0,1,0,0,1,0
1,1,0,0,10,12.66,100,0,0,0,0,0,1,0,0,1,0
0,0,0,0,10,11.5,90,0,0,0,1,0,1,0,0,0,1
0,0,0,0,8,10.36,100,0,0,0,0,0,1,1,0,0,0
0,0,0,0,10,10.36,100,0,0,1,0,0,1,1,0,0,0
0,0,0,0,10,11.5,100,0,0,0,0,0,1,0,1,0,0
0,0,0,0,10,14.97,80,0,0,0,0,0,1,0,0,1,0
0,0,0,0,10,12.66,90,0,0,0,0,0,1,0,0,1,0
0,0,0,0,10,12.66,100,0,0,0,1,0,1,0,0,0,1
0,0,0,0,10,11.5,120,0,0,0,0,0,1,1,0,0,0
0,0,0,0,10,6.91,90,0,0,1,0,0,1,1,0,0,0
0,0,0,0,10,12.66,100,0,0,0,0,0,1,0,1,0,0
0,0,0,0,10,13.8,110,0,0,0,0,0,1,0,0,1,0
0,0,0,0,10,13.8,100,0,0,0,0,0,1,0,0,1,0
0,0,0,0,10,13.8,110,0,0,0,1,0,1,0,0,0,1
0,0,0,0,10,12.66,150,0,0,0,0,0,1,1,0,0,0
0,0,0,0,10,10.36,130,0,0,1,0,0,1,1,0,0,0
0,0,0,0,10,13.8,140,0,0,0,0,0,1,0,1,0,0
0,0,0,0,10,16.11,140,0,0,0,0,0,1,0,0,1,0
0,0,0,0,10,17.27,130,0,0,0,0,0,1,0,0,1,0
0,0,0,0.001,10,12.66,110,0,0,0,1,0,1,0,0,0,1
0,0,0,0,10,6.91,160,0,0,0,0,0,1,1,0,0,0
0,0,0,0,10,10.36,150,0,0,1,0,0,1,1,0,0,0
0,0,0,0,4,12.66,130,0,3,0,0,0,1,0,1,0,0
1,1,0,0,10,13.8,120,0,0,0,0,0,1,0,0,1,0
0,0,0,0,10,8.05,130,0,1,0,0,0,1,0,0,1,0
0,0,0,0,10,6.91,110,0,0,0,1,0,1,0,0,0,1
0,0,0,0,10,3.44,130,0,0,0,0,1,0,1,0,0,0
0,0,0,0,10,3.44,360,0,0,1,0,1,0,1,0,0,0
0,0,0,0,10,10.36,80,0,0,0,0,1,0,0,1,0,0
0,0,0,0,10,14.97,110,0,0,0,0,1,0,0,0,1,0
0,0,0,0,10,14.97,100,0,0,0,0,1,0,0,0,1,0
0,0,0,0,10,10.36,110,0,0,0,1,1,0,0,0,0,1
0,0,0,0,10,9.22,120,0,0,0,0,1,0,1,0,0,0
0,0,0,0,10,10.36,110,0,0,1,0,1,0,1,0,0,0
0,0,0,0,10,16.11,100,0,0,0,0,1,0,0,1,0,0
0,0,0,0,10,18.41,90,0,0,0,0,1,0,0,0,1,0
0,0,0,0,10,16.11,90,0,0,0,0,1,0,0,0,1,0
0,0,0,0,10,16.11,80,0,0,0,1,1,0,0,0,0,1
0,0,1,0,10,11.5,80,0,0,0,0,0,1,1,0,0,0
0,0,1,0,10,13.8,90,0,0,1,0,0,1,1,0,0,0
0,0,1,0,10,17.27,80,0,0,0,0,0,1,0,1,0,0
0,0,1,0,10,14.97,80,0,1,0,0,0,1,0,0,1,0
0,0,1,0.001,10,17.27,60,0,0,0,0,0,1,0,0,1,0
0,0,1,0,9,17.27,70,0,0,0,1,0,1,0,0,0,1
0,0,0,0,9,19.57,90,0,1,0,0,0,1,1,0,0,0
0,0,0,0.001,10,12.66,90,0,0,1,0,0,1,1,0,0,0
0,0,0,0,10,18.41,60,0,0,0,0,0,1,0,1,0,0
0,0,0,0,10,19.57,60,0,0,0,0,0,1,0,0,1,0
1,1,0,0,10,18.41,50,0,0,0,0,0,1,0,0,1,0
0,0,0,0,10,18.41,60,0,0,0,1,0,1,0,0,0,1
0,0,0,0,10,12.66,80,0,0,0,0,0,1,1,0,0,0
0,0,0,0,10,11.5,90,0,0,1,0,0,1,1,0,0,0
1,1,0,0,10,13.8,50,0,0,0,0,0,1,0,1,0,0
1,1,0,0,10,13.8,80,0,0,0,0,0,1,0,0,1,0
0,0,0,0,10,14.97,90,0,0,0,0,0,1,0,0,1,0
0,0,0,0,10,13.8,100,0,0,0,1,0,1,0,0,0,1
0,0,0,0,10,14.97,110,0,0,0,0,0,1,1,0,0,0
0,0,0,0,10,13.8,80,0,0,1,0,0,1,1,0,0,0
0,0,0,0,10,16.11,80,0,0,0,0,0,1,0,1,0,0
1,1,0,0,10,16.11,60,0,0,0,0,0,1,0,0,1,0
0,0,0,0,10,17.27,30,0,0,0,0,0,1,0,0,1,0
0,0,0,0,10,14.97,80,0,0,0,1,0,1,0,0,0,1
0,0,0,0,10,13.8,80,0,0,0,0,0,1,1,0,0,0
0,0,0,0,10,13.8,90,0,1,1,0,0,1,1,0,0,0
1,1,0,0,10,16.11,80,0,0,0,0,0,1,0,1,0,0
0,0,0,0,10,16.11,80,0,0,0,0,0,1,0,0,1,0
0,0,0,0,10,17.27,60,0,1,0,0,0,1,0,0,1,0
0,0,0,0,10,13.8,90,0,1,0,1,0,1,0,0,0,1
0,0,0,0,10,13.8,80,0,0,0,0,1,0,1,0,0,0
0,0,0,0,10,12.66,80,0,0,1,0,1,0,1,0,0,0
0,0,0,0,10,14.97,80,0,0,0,0,1,0,0,1,0,0
0,0,0,0,10,17.27,60,0,0,0,0,1,0,0,0,1,0
1,1,0,0,10,16.11,60,0,0,0,0,1,0,0,0,1,0
0,0,0,0,10,13.8,60,0,0,0,1,1,0,0,0,0,1
1,1,0,0,10,12.66,100,0,0,0,0,1,0,1,0,0,0
0,0,0,0,10,8.05,100,0,0,1,0,1,0,1,0,0,0
0,0,0,0,10,12.66,60,0,0,0,0,1,0,0,1,0,0
0,0,0,0,10,14.97,70,0,0,0,0,1,0,0,0,1,0
0,0,0,0,10,12.66,70,0,0,0,0,1,0,0,0,1,0
0,0,0,0,10,10.36,70,0,0,0,1,1,0,0,0,0,1
0,0,0,0,10,6.91,90,0,0,0,0,0,1,1,0,0,0
0,0,0,0,10,6.91,130,0,0,1,0,0,1,1,0,0,0
1,1,0,0.001,10,12.66,120,0,0,0,0,0,1,0,1,0,0
0,0,0,0,10,13.8,120,0,0,0,0,0,1,0,0,1,0
0,0,0,0,10,13.8,120,0,0,0,0,0,1,0,0,1,0
0,0,0,0,10,12.66,100,0,0,0,1,0,1,0,0,0,1
0,0,0,0,10,13.8,120,0,0,0,0,0,1,1,0,0,0
0,0,0,0,10,8.05,110,0,0,1,0,0,1,1,0,0,0
0,0,0,0,10,10.36,110,0,0,0,0,0,1,0,1,0,0
0,0,0,0,10,16.11,70,0,0,0,0,0,1,0,0,1,0
0,0,0,0,10,17.27,60,0,0,0,0,0,1,0,0,1,0
0,0,0,0,10,16.11,100,0,0,0,1,0,1,0,0,0,1
0,0,0,0,10,13.8,90,0,0,0,0,0,1,1,0,0,0
0,0,0,0,10,11.5,100,0,0,1,0,0,1,1,0,0,0
0,0,0,0,10,14.97,100,0,0,0,0,0,1,0,1,0,0
0,0,0,0,10,17.27,70,0,0,0,0,0,1,0,0,1,0
0,0,0,0,10,13.8,90,0,0,0,0,0,1,0,0,1,0
0,0,0,0,9,16.11,100,0,1,0,1,0,1,0,0,0,1
0,0,0,0,10,14.97,100,0,0,0,0,0,1,1,0,0,0
0,0,0,0,10,12.66,90,0,0,1,0,0,1,1,0,0,0
0,0,0,0,10,18.41,90,0,0,0,0,0,1,0,1,0,0
0,0,0,0,10,17.27,100,0,0,0,0,0,1,0,0,1,0
1,1,0,0,10,17.27,100,0,0,0,0,0,1,0,0,1,0
0,0,0,0,10,14.97,80,0,0,0,1,0,1,0,0,0,1
0,0,0,0,10,12.66,100,0,0,0,0,0,1,1,0,0,0
0,0,0,0,10,13.8,60,0,0,1,0,0,1,1,0,0,0
0,0,0,0,10,18.41,50,0,0,0,0,0,1,0,1,0,0
0,0,0,0,10,21.85,40,0,0,0,0,0,1,0,0,1,0
0,0,0,0,10,17.27,60,0,0,0,0,0,1,0,0,1,0
0,0,0,0,10,18.41,60,0,0,0,1,0,1,0,0,0,1
0,0,0,0,10,13.8,70,0,0,0,0,1,0,1,0,0,0
0,0,0,0,10,10.36,40,0,0,1,0,1,0,1,0,0,0
0,0,0,0,10,8.05,320,0,0,0,0,1,0,0,1,0,0
0,0,0,0,10,16.11,60,0,0,0,0,1,0,0,0,1,0
0,0,0,0,10,19.57,60,0,0,0,0,1,0,0,0,1,0
0,0,0,0,10,10.36,50,0,0,0,1,1,0,0,0,0,1
0,0,0,0,10,3.44,100,0,0,0,0,1,0,1,0,0,0
0,0,0,0,10,4.61,330,0,0,1,0,1,0,1,0,0,0
0,0,0,0,10,8.05,320,0,0,0,0,1,0,0,1,0,0
0,0,0,0,10,13.8,110,0,0,0,0,1,0,0,0,1,0
0,0,0,0,10,6.91,320,0,1,0,0,1,0,0,0,1,0
0,0,0,0.001,10,4.61,150,0,0,0,1,1,0,0,0,0,1
0,0,0,0,10,0,0,0,0,0,0,0,1,1,0,0,0
0,0,0,0,9,0,0,0,0,1,0,0,1,1,0,0,0
0,0,0,0,10,5.75,210,0,0,0,0,0,1,0,1,0,0
0,0,0,0,10,14.97,140,0,0,0,0,0,1,0,0,1,0
0,0,0,0,10,16.11,190,0,1,0,0,0,1,0,0,1,0
0,0,0,0.001,10,5.75,310,0,0,0,1,0,1,0,0,0,1
0,0,0,0,10,8.05,260,0,0,0,0,0,1,1,0,0,0
0,0,0,0,10,6.91,290,0,0,1,0,0,1,1,0,0,0
0,0,0,0,10,6.91,300,0,0,0,0,0,1,0,1,0,0
0,0,0,0,10,17.27,150,0,0,0,0,0,1,0,0,1,0
0,0,0,0,10,16.11,150,0,0,0,0,0,1,0,0,1,0
0,0,0,0,10,13.8,10,0,0,0,1,0,1,0,0,0,1
0,0,0,0,8,8.05,270,0,0,0,0,0,1,1,0,0,0
0,0,0,0,5,10.36,290,1,0,1,0,0,1,1,0,0,0
0,0,0,0,8,9.22,300,0,0,0,0,0,1,0,1,0,0
0,0,0,0,7,14.97,120,0,0,0,0,0,1,0,0,1,0
0,0,0,0,6,13.8,150,1,0,0,0,0,1,0,0,1,0
1,1,0,0.001,9,13.8,300,0,1,0,1,0,1,0,0,0,1
0,0,0,0,9,9.22,350,0,0,0,0,0,1,1,0,0,0
0,0,0,0,5,5.75,230,1,0,1,0,0,1,1,0,0,0
1,1,0,0,7,14.97,350,0,0,0,0,0,1,0,1,0,0